[
  {
    "pk": 1,
    "model": "lizard_ui.applicationscreen",
    "fields": {
      "description": "",
      "name": "Home",
      "slug": "home"
    }
  },
  {
    "pk": 1,
    "model": "lizard_ui.applicationicon",
    "fields": {
      "index": 1000,
      "description": "WMS layers",
      "url": "/webmap/",
      "data_set": null,
      "sub_screen": null,
      "application_screen": 1,
      "icon": "/static_media/lizard_ui/app_icons/kaartlagen.png",
      "name": "WMS"
    }
  },
  {
    "pk": 1,
    "model": "lizard_maptree.category",
    "fields": {
      "name": "Demo",
      "parent": null,
      "slug": "demo"
    }
  },
  {
    "pk": 1,
    "model": "lizard_wms.wmssource",
    "fields": {
      "category": [
        1
      ],
      "description": "Actueel Hoogtebestand Nederland 25 x 25m\r\nPublieke Dienst Op Kaart (PDOK) beschikbaar gesteld door Nationaal Georegister",
      "url": "http://geodata.nationaalgeoregister.nl/ahn25m/wms",
      "legend_url": "http://geodata.nationaalgeoregister.nl/ahn25m/wms?REQUEST=GetLegendGraphic&VERSION=1.0.0&FORMAT=image/png&WIDTH=20&HEIGHT=20&transparent=true&bgcolor=0xffff00&LAYER=ahn25m",
      "connection": null,
      "_params": "{\"height\": \"256\", \"width\": \"256\", \"layers\": \"ahn25m\", \"styles\": \"\", \"format\": \"image/png\", \"tiled\": \"true\", \"transparent\": \"true\"}",
      "bbox": "",
      "options": "{\"buffer\": 0, \"reproject\": true, \"isBaseLayer\": false, \"opacity\": 0.5}",
      "layer_name": "AHN (demo)"
    }
  }
]
